{"batch loss": 0.3895496428012848, "_runtime": 7, "_timestamp": 1645582266, "_step": 974, "Epoch": 4, "loss": 0.24940359408093482, "epoch": 4, "_wandb": {"runtime": 6}}