{"batch loss": 2.305140972137451, "_runtime": 8, "_timestamp": 1645582326, "_step": 479, "Epoch": 4, "loss": 2.3036084074723093, "epoch": 4, "_wandb": {"runtime": 7}}