{"batch loss": 0.21131545305252075, "_runtime": 9, "_timestamp": 1645582236, "_step": 815, "Epoch": 5, "loss": 0.11330044778684775, "epoch": 5, "_wandb": {"runtime": 7}}