{"batch loss": 0.11777530610561371, "_runtime": 7, "_timestamp": 1645582341, "_step": 377, "Epoch": 5, "loss": 0.13224356825793943, "epoch": 5, "_wandb": {"runtime": 6}}